Date,Time,Roads,Vehicles,Total People,Pedestrians,Bicyclists,Injuries,Major Injuries,Fatalities,city
2011/1/1,3:36 a.m.,BENSON ST & FRANKFORD AV,2,3,1,0,0,0,1,PHI
2011/1/1,21:00 p.m.,CONSHOHOCKEN AV,1,2,1,0,1,1,0,PHI
2011/1/1,17:45 p.m.,WOODLAND AV,1,2,1,0,0,0,1,PHI
2011/1/1,3:10 a.m.,GLENWOOD AV,1,2,1,0,1,1,0,PHI
2011/1/1,8:00 a.m.,CAMBRIA ST & FOURTH ST,1,2,1,0,1,1,0,PHI
2012/1/1,20:16 p.m.,CASTOR AV,1,2,1,0,0,0,1,PHI
2012/1/1,12:51 p.m.,COULTER ST & WAYNE AV,1,2,1,0,1,1,0,PHI
2012/1/1,17:43 p.m.,CALLOWHILL ST & SIXTH ST,1,2,1,0,1,1,0,PHI
2012/1/1,15:21 p.m.,LARGE ST,1,5,1,0,1,1,0,PHI
2012/1/1,15:39 p.m.,FORTYNINTH ST & WOODLAND AV,1,2,1,0,0,0,1,PHI
2012/1/1,5:56 a.m.,ROOSEVELT BL & WELSH RD,1,2,1,0,0,0,1,PHI
2012/1/1,22:44 p.m.,B ST & LEHIGH AV,1,3,1,0,2,1,0,PHI
2013/1/1,2:35 a.m.,CITY AV,1,2,1,0,0,0,1,PHI
2013/1/1,12:13 p.m.,APPLE ST & SHURS LN,1,2,0,1,1,1,0,PHI
2013/1/1,19:18 p.m.,OXFORD AV & PRATT ST,1,2,1,0,1,1,0,PHI
2013/1/1,14:59 p.m.,MARKET ST & TWENTIETH ST,1,2,1,0,1,1,0,PHI
2013/1/1,17:31 p.m.,PENROSE AV,2,3,1,0,0,0,1,PHI
2013/1/1,18:16 p.m.,KNIGHTS RD,1,2,1,0,0,0,1,PHI
2013/1/1,23:50 p.m.,DELAWARE EX,1,2,1,0,0,0,1,PHI
2013/1/1,7:03 a.m.,COTTMAN AV & TABOR AV,1,2,1,0,0,0,1,PHI
2013/1/1,23:19 p.m.,VALLEY ST & WAKELING ST,1,2,1,0,1,1,0,PHI
2014/1/1,8:00 a.m.,RHAWN ST & TORRESDALE AV,1,2,1,0,1,1,0,PHI
2014/1/1,22:45 p.m.,ROOSEVELT BL,1,2,1,0,0,0,1,PHI
2014/1/1,6:53 a.m.,POINT BREEZE AV & TASKER ST,1,2,1,0,1,1,0,PHI
2014/1/1,12:20 a.m.,RAMP RD,1,5,1,0,1,1,0,PHI
2014/1/1,18:18 p.m.,ISLAND AV & LINDBERGH BL,1,2,1,0,0,0,1,PHI
2015/1/1,18:18 p.m.,62ND ST & CHESTNUT ST,1,2,1,0,0,0,1,PHI
2015/1/1,15:49 p.m.,BROAD ST,1,3,1,0,1,1,0,PHI
2016/1/1,6:40 a.m.,BUSTLETON AV & MOWER ST,1,2,1,0,0,0,1,PHI
2016/1/1,8:00 a.m.,E WESTMORELAND ST & I ST & KENSINGTON AV,1,2,1,0,1,1,0,PHI
2016/1/1,2:54 a.m.,5TH ST & HUNTING PARK AV,1,2,1,0,1,1,0,PHI
2016/1/1,12:47 a.m.,HANCOCK ST & LEHIGH AV,1,2,1,0,1,1,0,PHI
2016/1/1,17:33 p.m.,CHRISTOPHER COLUMBUS BL & TASKER ST,1,2,1,0,0,0,1,PHI
2016/1/1,20:22 p.m.,BROAD ST,1,2,1,0,1,1,0,PHI
2016/1/1,20:13 p.m.,CASTOR AV,1,2,1,0,1,1,0,PHI
2016/1/1,16:30 p.m.,WASHINGTON AV,1,2,0,1,1,1,0,PHI
2016/1/1,19:30 p.m.,CUMBERLAND ST & RICHMOND ST,1,2,1,0,1,1,0,PHI
2017/1/1,6:40 a.m.,LEHIGH AV,1,2,1,0,1,1,0,PHI
2017/1/1,11:20 a.m.,ROOSEVELT BL,1,2,1,0,1,1,0,PHI
2017/1/1,9:57 a.m.,40TH ST & MARKET ST,1,2,1,0,1,1,0,PHI
2017/1/1,9:43 a.m.,40TH ST & LOCUST ST,1,3,0,1,1,1,0,PHI
2017/1/1,15:12 p.m.,NORRIS ST & WARNOCK ST,1,2,1,0,1,1,0,PHI
2017/1/1,18:48 p.m.,ROOSEVELT BL,1,2,1,0,1,1,0,PHI
2017/1/1,13:55 p.m.,10TH ST & RACE ST,1,2,1,0,1,1,0,PHI
2017/1/1,19:11 p.m.,LINCOLN DR & MT PLEASANT AV,1,3,2,0,2,1,0,PHI
2017/1/1,19:56 p.m.,57TH ST & GIRARD AV,1,3,2,0,1,0,1,PHI
2017/1/1,11:29 a.m.,COTTMAN AV,1,2,1,0,0,0,1,PHI
2017/1/1,9:00 a.m.,ALLEGHENY AV,2,4,1,0,3,1,0,PHI
2017/1/1,23:42 p.m.,LARGE ST & ROOSEVELT BL,1,4,2,0,0,0,2,PHI
2017/1/1,7:02 a.m.,6TH ST & FISHER AV,1,2,1,0,1,1,0,PHI
2017/1/1,18:25 p.m.,ASHDALE ST & C ST,1,2,1,0,1,1,0,PHI
2017/1/1,18:44 p.m.,BROAD ST & BUTLER ST,1,2,1,0,1,1,0,PHI
2017/1/1,1:39 a.m.,12TH ST & CHEW AV,1,2,1,0,0,0,1,PHI
2017/1/1,17:55 p.m.,11TH ST & NORRIS ST,1,2,1,0,1,1,0,PHI
2011/2/1,16:37 p.m.,N FRONT ST,1,2,1,0,0,0,1,PHI
2011/2/1,22:20 p.m.,ARCH ST,1,2,1,0,1,1,0,PHI
2011/2/1,99:99 p.m.,TWELFTH ST,1,2,1,0,1,1,0,PHI
2011/2/1,17:00 p.m.,PASSYUNK AV & RITNER ST,1,2,1,0,1,1,0,PHI
2011/2/1,20:06 p.m.,TABOR RD,1,3,1,0,1,1,0,PHI
2011/2/1,18:56 p.m.,CHAMPLOST ST & TENTH ST,1,3,2,0,2,1,0,PHI
2011/2/1,5:30 a.m.,GODFREY AV & TABOR AV,1,2,0,1,1,1,0,PHI
2011/2/1,13:33 p.m.,BRANDYWINE ST & BROAD ST,1,2,0,1,1,1,0,PHI
2011/2/1,21:20 p.m.,BROAD ST & MELON ST,1,2,1,0,0,0,1,PHI
2011/2/1,20:14 p.m.,BROAD ST,4,13,2,0,1,0,1,PHI
2011/2/1,8:34 a.m.,BRIDGE ST & RAMP B RD,1,2,1,0,1,1,0,PHI
2012/2/1,15:49 p.m.,BUSTLETON AV & DEVEREAUX AV,1,2,1,0,1,1,0,PHI
2012/2/1,2:20 a.m.,BROAD ST & ERIE AV,1,2,1,0,0,0,1,PHI
2012/2/1,99:99 p.m.,WILLITS RD,1,2,1,0,0,0,1,PHI
2012/2/1,18:43 p.m.,HENRY AV,1,2,1,0,0,0,1,PHI
2012/2/1,18:15 p.m.,CHRISTOPHER COLUMBUS BL,1,2,1,0,1,1,0,PHI
2012/2/1,12:28 a.m.,THIRTEENTH ST,1,2,1,0,1,1,0,PHI
2012/2/1,9:41 a.m.,GIRARD AV & THIRTYTHIRD ST,1,2,1,0,2,1,0,PHI
2012/2/1,16:23 p.m.,RIDGE AV,1,2,1,0,0,0,1,PHI
2013/2/1,8:14 a.m.,ASHDALE ST & F ST & RUSCOMB ST & WHITAKER AV,1,2,1,0,1,1,0,PHI
2013/2/1,11:22 a.m.,MT AIRY AV,1,4,1,0,0,0,1,PHI
2013/2/1,6:07 a.m.,ARAMINGO AV & LEFEVRE ST & MARGARET ST & MILNOR ST,1,2,1,0,0,0,1,PHI
2013/2/1,15:37 p.m.,CHRISTIAN ST & EIGHTH ST,1,4,1,0,0,0,1,PHI
2013/2/1,12:00 p.m.,BROAD ST,1,3,1,0,0,0,1,PHI
2013/2/1,9:35 a.m.,FRANKFORD AV,1,3,2,0,2,1,1,PHI
2013/2/1,15:45 p.m.,LINDBERGH BL,1,4,3,0,3,3,0,PHI
2013/2/1,18:16 p.m.,BRIDGE ST & TORRESDALE AV,1,4,1,0,1,1,0,PHI
2013/2/1,1:00 a.m.,ADAMS AV,1,2,1,0,1,1,0,PHI
2014/2/1,17:03 p.m.,KINGSESSING AV,1,2,1,0,0,0,1,PHI
2014/2/1,23:47 p.m.,LEHIGH AV,1,2,1,0,0,0,1,PHI
2014/2/1,1:48 a.m.,PRATT ST & ROOSEVELT BL,1,2,1,0,0,0,1,PHI
2014/2/1,2:00 a.m.,N 2ND ST,2,3,1,0,1,1,0,PHI
2014/2/1,99:99 p.m.,OXFORD CR & ROOSEVELT BL,1,2,1,0,1,1,0,PHI
2015/2/1,19:55 p.m.,OREGON AV,1,2,1,0,0,0,1,PHI
2015/2/1,23:13 p.m.,WOODLAND AV,1,2,1,0,1,1,0,PHI
2015/2/1,11:45 a.m.,3RD ST,1,2,1,0,1,1,0,PHI
2015/2/1,19:27 p.m.,BROAD ST & WINGOHOCKING ST,1,2,1,0,1,1,0,PHI
2015/2/1,3:00 a.m.,ALLEGHENY AV & KIP ST,1,2,1,0,1,1,0,PHI
2015/2/1,14:49 p.m.,COTTMAN AV & TORRESDALE AV,2,3,1,0,1,1,0,PHI
2015/2/1,99:99 p.m.,17TH ST & CHESTNUT ST,1,2,1,0,1,1,0,PHI
2015/2/1,18:30 p.m.,ROOSEVELT BL,1,2,1,0,1,1,0,PHI
2015/2/1,15:58 p.m.,2ND ST & INDIANA ST,1,2,1,0,1,1,0,PHI
2015/2/1,12:29 p.m.,RYAN AV,1,2,1,0,1,1,0,PHI
2015/2/1,99:99 p.m.,WOLF ST,1,2,1,0,1,1,0,PHI
2015/2/1,2:54 a.m.,33RD ST & POWELTON AV,2,4,1,0,1,1,0,PHI
2015/2/1,15:34 p.m.,BROAD ST,1,11,1,0,1,1,0,PHI
2016/2/1,12:30 p.m.,7TH ST,1,2,1,0,1,1,0,PHI
2016/2/1,15:04 p.m.,11TH ST & JEFFERSON ST,1,2,1,0,1,1,0,PHI
2016/2/1,18:11 p.m.,63RD ST,2,1,1,0,1,1,0,PHI
2016/2/1,21:00 p.m.,BUSTLETON AV,1,3,1,0,0,0,1,PHI
2016/2/1,18:30 p.m.,ALLEGHENY AV & BROAD ST,1,2,1,0,1,1,0,PHI
2016/2/1,19:10 p.m.,50TH ST & LARCHWOOD AV,1,2,0,1,1,1,0,PHI
2016/2/1,19:03 p.m.,STENTON AV,1,2,1,0,0,0,1,PHI
2016/2/1,20:08 p.m.,HARBISON AV & ROOSEVELT BL,2,7,1,0,0,0,1,PHI
2017/2/1,15:57 p.m.,15TH ST,2,5,1,0,2,1,0,PHI
2017/2/1,12:59 p.m.,WOODHAVEN RD,3,6,1,0,3,2,2,PHI
2017/2/1,8:00 a.m.,3RD ST & WIDENER ST,1,2,1,0,1,1,0,PHI
2017/2/1,15:29 p.m.,BROAD ST & GIRARD AV,1,2,1,0,1,1,0,PHI
2017/2/1,22:05 p.m.,CITY AV,1,4,3,0,3,1,0,PHI
2017/2/1,9:36 a.m.,TULIP ST,1,2,1,0,1,1,0,PHI
2017/2/1,16:53 p.m.,RISING SUN AV & SENTNER ST,1,2,1,0,1,1,0,PHI
2011/3/1,13:30 p.m.,HOWELL ST & TORRESDALE AV,1,2,0,1,1,1,0,PHI
2011/3/1,18:57 p.m.,LANSDOWNE DR PS & S CONCOURSE DR PS,1,2,0,1,1,1,0,PHI
2011/3/1,16:35 p.m.,BROAD ST & RAMP RD & VINE ST,1,2,1,0,1,1,0,PHI
2011/3/1,18:40 p.m.,FRONT ST & SNYDER AV,1,3,1,0,1,1,0,PHI
2011/3/1,22:52 p.m.,SIXTYSIXTH AV,1,3,1,0,1,1,0,PHI
2011/3/1,14:00 p.m.,TWELFTH ST,1,3,2,0,2,2,0,PHI
2011/3/1,2:26 a.m.,TORRESDALE AV,1,2,1,0,1,1,0,PHI
2012/3/1,12:34 p.m.,2ND ST,1,2,1,0,1,1,0,PHI
2012/3/1,12:25 a.m.,BROAD ST & CHELTENHAM AV,1,2,1,0,0,0,1,PHI
2012/3/1,20:58 p.m.,FULMER ST & ROOSEVELT BL,1,3,1,0,1,1,0,PHI
2012/3/1,12:31 p.m.,EIGHTH ST & WASHINGTON AV,2,7,4,0,4,0,1,PHI
2012/3/1,22:55 p.m.,LINDBERGH BL,1,2,1,0,1,1,0,PHI
2012/3/1,10:25 a.m.,WALMART SHOPPING CENTER LT,1,2,1,0,1,1,0,PHI
2012/3/1,17:15 p.m.,FRANKFORD AV & MORRELL AV,1,2,1,0,1,1,0,PHI
2012/3/1,4:00 a.m.,BROAD ST & ELLSWORTH ST,4,3,1,0,0,0,1,PHI
2012/3/1,12:23 a.m.,LINDEN AV,1,2,0,1,0,0,1,PHI
2012/3/1,9:51 a.m.,FRANKFORD AV,1,2,1,0,0,0,1,PHI
2012/3/1,22:21 p.m.,WASHINGTON LN,1,3,1,0,0,0,1,PHI
2012/3/1,15:28 p.m.,CHEW AV & VERNON RD,1,2,1,0,1,1,0,PHI
2012/3/1,17:09 p.m.,FIFTYSECOND ST,1,2,1,0,1,1,0,PHI
2012/3/1,19:00 p.m.,TABOR RD,1,3,1,0,0,0,1,PHI
2013/3/1,14:29 p.m.,CHURCH ST & WORTH ST,1,2,1,0,1,1,0,PHI
2013/3/1,18:20 p.m.,LONGSHORE ST & ROOSEVELT BL,1,2,1,0,1,1,0,PHI
2013/3/1,8:30 a.m.,MARKET ST & NINTH ST,1,2,1,0,1,1,0,PHI
2013/3/1,8:30 a.m.,CHELTENHAM AV & TORRESDALE AV,1,2,1,0,1,1,0,PHI
2013/3/1,7:27 a.m.,UNIVERSITY AV,1,2,1,0,0,0,1,PHI
2013/3/1,11:06 a.m.,BUSTLETON AV,1,2,1,0,0,0,1,PHI
2013/3/1,10:00 a.m.,HENRY AV & INDIAN QUEEN LN,2,4,1,0,1,1,0,PHI
2013/3/1,19:00 p.m.,FRANKFORD AV,1,2,1,0,1,1,0,PHI
2013/3/1,13:35 p.m.,LEHIGH AV,1,2,1,0,1,1,0,PHI
2013/3/1,11:30 a.m.,ARMAT ST & GERMANTOWN AV,1,2,1,0,1,1,0,PHI
2013/3/1,6:44 a.m.,LEVICK ST,1,2,1,0,1,1,0,PHI
2014/3/1,15:35 p.m.,WHARTON ST,1,2,1,0,1,1,0,PHI
2014/3/1,15:46 p.m.,BLUE GRASS RD & WELSH RD,1,2,1,0,0,0,1,PHI
2014/3/1,16:44 p.m.,ROOSEVELT BL,1,2,1,0,0,0,1,PHI
2014/3/1,20:30 p.m.,18TH ST & BELFIELD AV & RUSCOMB ST,1,2,1,0,1,1,0,PHI
2014/3/1,21:00 p.m.,BELFIELD AV & OGONTZ AV & RUSCOMB ST,1,2,1,0,1,1,0,PHI
2014/3/1,22:34 p.m.,DOMINO LN,1,2,1,0,1,1,0,PHI
2014/3/1,15:30 p.m.,21ST ST & SUSQUEHANNA AV,1,2,1,0,1,1,0,PHI
2015/3/1,1:14 a.m.,N 24TH ST,1,2,1,0,1,1,0,PHI
2015/3/1,12:23 p.m.,KENSINGTON AV & LEHIGH AV,1,2,0,1,0,0,1,PHI
2015/3/1,8:42 a.m.,UNIVERSITY AV,1,3,0,1,1,1,0,PHI
2015/3/1,99:99 p.m.,BANCROFT ST,1,2,1,0,1,1,0,PHI
2015/3/1,9:15 a.m.,BUSTLETON AV & NAPFLE AV,1,2,1,0,1,1,0,PHI
2015/3/1,8:00 a.m.,2ND ST & NEDRO AV,1,2,1,0,1,1,0,PHI
2015/3/1,15:00 p.m.,EMERALD ST,1,2,0,1,1,1,0,PHI
2016/3/1,15:48 p.m.,CECIL B MOORE AV,1,2,1,0,1,1,0,PHI
2016/3/1,18:55 p.m.,B ST & ONTARIO AV,1,4,3,0,3,2,0,PHI
2016/3/1,18:31 p.m.,22ND ST,1,2,1,0,2,1,0,PHI
2016/3/1,5:30 a.m.,E TIOGA ST,1,6,1,0,1,1,0,PHI
2016/3/1,2:02 a.m.,FRANKFORD AV,1,2,0,1,0,0,1,PHI
2016/3/1,13:34 p.m.,GRANGE AV,1,2,1,0,1,1,0,PHI
2016/3/1,19:20 p.m.,ROCKWELL ST,1,2,1,0,1,1,0,PHI
2016/3/1,20:25 p.m.,ROOSEVELT BL,1,2,1,0,2,1,0,PHI
2016/3/1,16:58 p.m.,9TH ST & WHARTON ST,3,2,1,0,1,0,1,PHI
2016/3/1,20:05 p.m.,56TH ST & SPRINGFIELD AV,1,2,1,0,1,1,0,PHI
2016/3/1,10:53 a.m.,COTTMAN AV & ROOSEVELT BL,1,2,1,0,1,1,0,PHI
2016/3/1,20:05 p.m.,LINDBERGH BL,2,6,1,0,0,0,1,PHI
2016/3/1,8:21 a.m.,SACKETT ST & TYSON AV,1,2,1,0,0,0,1,PHI
2017/3/1,15:25 p.m.,6TH ST & BERKS ST,1,2,1,0,1,1,0,PHI
2017/3/1,16:32 p.m.,39TH ST & FAIRMOUNT AV,1,2,1,0,1,1,0,PHI
2011/4/1,19:08 p.m.,CHESTER AV & FIFTYEIGHTH ST,4,6,3,0,4,2,1,PHI
2011/4/1,2:23 a.m.,RICHMOND ST,1,2,1,0,0,0,1,PHI
2011/4/1,21:29 p.m.,ROOSEVELT BL,1,2,1,0,1,0,1,PHI
2011/4/1,13:57 p.m.,EIGHTEENTH ST,1,3,1,0,1,1,0,PHI
2011/4/1,18:54 p.m.,LAWNDALE ST & LUZERNE ST,1,2,1,0,1,1,0,PHI
2011/4/1,8:00 a.m.,ROOSEVELT BL & WHITAKER AV,1,2,1,0,1,1,0,PHI
2011/4/1,5:40 a.m.,CHRISTOPHER COLUMBUS BL & RACE ST,1,2,1,0,1,1,0,PHI
2011/4/1,15:11 p.m.,ROOSEVELT BL & SANGER ST,1,7,1,0,1,1,0,PHI
2011/4/1,16:32 p.m.,MIDVALE AV & VAUX ST,1,2,1,0,1,1,0,PHI
2011/4/1,13:20 p.m.,CHAMPLOST AV & N 5TH ST,1,2,1,0,1,1,0,PHI
2011/4/1,22:30 p.m.,CAMBRIA ST & CHALMERS ST,1,2,1,0,1,1,0,PHI
2011/4/1,17:00 p.m.,CHESTNUT ST & TWENTIETH ST,1,2,1,0,1,1,0,PHI
2012/4/1,9:19 a.m.,GIRARD AV,1,10,1,0,0,0,1,PHI
2012/4/1,18:28 p.m.,CECIL B MOORE AV & TWENTYEIGHTH ST,1,3,1,0,1,1,0,PHI
2012/4/1,17:00 p.m.,NINETEENTH ST,1,2,1,0,1,1,0,PHI
2012/4/1,15:34 p.m.,OAKLEY ST,1,2,1,0,1,1,0,PHI
2012/4/1,22:17 p.m.,TYSON AV,1,2,0,1,1,1,0,PHI
2012/4/1,15:25 p.m.,FIFTYFIRST ST,1,3,1,0,1,1,0,PHI
2012/4/1,18:00 p.m.,BALTIMORE AV,1,2,1,0,1,1,0,PHI
2012/4/1,2:00 a.m.,HUNTING PARK AV,1,2,1,0,1,1,0,PHI
2012/4/1,21:30 p.m.,BOYER ST & VERNON RD,1,2,1,0,1,1,0,PHI
2012/4/1,21:00 p.m.,MARKET ST & SIXTEENTH ST,1,2,1,0,1,1,0,PHI
2012/4/1,12:55 p.m.,TULIP ST,2,3,1,0,1,1,0,PHI
2013/4/1,5:40 a.m.,TWENTYNINTH ST & VARE AV,1,4,1,0,1,1,0,PHI
2013/4/1,10:40 a.m.,TORRESDALE AV,1,2,1,0,1,1,0,PHI
2013/4/1,23:39 p.m.,FIFTH ST & GODFREY AV,1,3,1,0,1,1,0,PHI
2013/4/1,22:30 p.m.,NORRIS ST & TWENTYFOURTH ST,1,2,1,0,1,1,0,PHI
2013/4/1,23:00 p.m.,RYAN AV & SANDYFORD AV,1,2,1,0,1,1,0,PHI
2013/4/1,16:00 p.m.,BELGRADE ST & CAMBRIA ST,1,2,1,0,1,1,0,PHI
2013/4/1,18:51 p.m.,BROAD ST,1,3,0,1,1,1,0,PHI
2013/4/1,16:50 p.m.,FIFTYSIXTH ST,1,2,1,0,1,1,0,PHI
2013/4/1,8:51 a.m.,RAMP RD & TO 3003/0040 RD,2,2,1,0,0,0,1,PHI
2014/4/1,7:00 a.m.,ALLEGHENY AV & KENSINGTON AV,1,2,1,0,1,1,0,PHI
2014/4/1,15:10 p.m.,COBBS CREEK PY & MARSHALL RD & SPRUCE ST,1,2,0,1,1,1,0,PHI
2014/4/1,14:00 p.m.,40TH ST,1,2,0,1,1,1,0,PHI
2014/4/1,16:36 p.m.,HADFIELD ST,1,2,1,0,1,1,0,PHI
2014/4/1,18:45 p.m.,TWENTYNINTH ST,1,2,1,0,1,1,0,PHI
2014/4/1,22:19 p.m.,TORRESDALE AV,1,2,0,1,0,0,1,PHI
2014/4/1,20:50 p.m.,BUSTLETON AV,1,2,1,0,0,0,1,PHI
2014/4/1,21:27 p.m.,SCHUYLKILL EX,4,4,1,0,0,0,1,PHI
2014/4/1,21:25 p.m.,ROOSEVELT BL,1,2,1,0,1,1,0,PHI
2014/4/1,21:00 p.m.,DELAWARE EX,1,2,1,0,0,0,1,PHI
2014/4/1,16:00 p.m.,72ND ST & ELMWOOD AV,1,2,1,0,1,1,0,PHI
2014/4/1,23:16 p.m.,WISSAHICKON AV,1,2,1,0,1,1,0,PHI
2015/4/1,22:15 p.m.,N 5TH ST,1,2,1,0,1,1,0,PHI
2015/4/1,17:56 p.m.,S NEWKIRK ST,1,2,1,0,1,1,0,PHI
2015/4/1,4:32 a.m.,BROAD ST,4,3,1,0,2,1,0,PHI
2015/4/1,15:00 p.m.,PERCY ST,1,3,1,0,1,1,0,PHI
2015/4/1,19:03 p.m.,DIAMOND ST & PARK AV,1,2,0,1,1,1,0,PHI
2015/4/1,18:30 p.m.,57TH ST & LITCHFIELD ST,1,2,1,0,0,0,1,PHI
2015/4/1,10:29 a.m.,SOUTH ST,1,5,0,2,2,1,0,PHI
2015/4/1,22:48 p.m.,DELAWARE AV,1,2,1,0,0,0,1,PHI
2015/4/1,20:00 p.m.,BRILL ST,1,2,1,0,1,1,0,PHI
2015/4/1,2:40 a.m.,DELAWARE EX,3,10,1,0,1,1,0,PHI
2015/4/1,19:00 p.m.,MASCHER ST,1,3,2,0,1,0,1,PHI
2016/4/1,17:15 p.m.,42ND ST & BALTIMORE AV & CHESTER AV,1,4,0,1,1,1,0,PHI
2016/4/1,9:44 a.m.,BROAD ST & MOUNT VERNON ST,1,2,1,0,1,1,0,PHI
2016/4/1,23:40 p.m.,58TH ST & CHESTER AV,1,2,1,0,1,1,0,PHI
2016/4/1,21:00 p.m.,HELLERMAN ST,1,2,1,0,1,1,0,PHI
2016/4/1,3:47 a.m.,FORTYFIFTH ST & MARKET ST,1,2,1,0,0,0,1,PHI
2016/4/1,15:02 p.m.,KENSINGTON AV,3,5,1,0,3,1,0,PHI
2016/4/1,12:04 a.m.,56TH ST & VINE ST & VOGDES ST,1,2,1,0,1,1,0,PHI
2016/4/1,17:46 p.m.,WALLACE ST,1,2,1,0,1,1,0,PHI
2016/4/1,12:18 a.m.,HUNTING PARK AV,3,5,2,0,4,1,0,PHI
2016/4/1,7:00 a.m.,CABOT ST & YORK ST,1,2,0,1,1,1,0,PHI
2017/4/1,22:08 p.m.,ARAMINGO AV,1,2,0,1,0,0,1,PHI
2017/4/1,13:47 p.m.,SAINT VINCENT ST,1,2,1,0,1,1,0,PHI
2017/4/1,22:10 p.m.,6TH ST & ERIE AV,1,3,2,0,2,1,0,PHI
2017/4/1,18:53 p.m.,DOMINO LN & RIDGE AV,1,2,1,0,1,1,0,PHI
2017/4/1,1:50 a.m.,11TH ST & MARKET ST,1,2,1,0,1,1,0,PHI
2017/4/1,14:48 p.m.,FRANKFORD AV,1,2,1,0,1,1,0,PHI
2017/4/1,15:50 p.m.,AMERICAN ST & HUNTINGDON ST,1,2,1,0,1,1,0,PHI
2017/4/1,18:30 p.m.,4TH ST & GASKILL ST,1,2,1,0,1,1,0,PHI
2017/4/1,2:00 a.m.,15TH ST & FIFTEENTH ST & FROM 3022/0010 RD & JOHN F KENNEDY BL,1,2,1,0,1,1,0,PHI
2017/4/1,22:45 p.m.,ROBERTS AV,1,2,1,0,1,1,0,PHI
2017/4/1,5:27 a.m.,62ND ST & WEBSTER ST,1,2,1,0,1,1,0,PHI
2017/4/1,13:23 p.m.,ROOSEVELT BL,1,2,1,0,0,0,1,PHI
2017/4/1,20:10 p.m.,FRONT ST,1,2,1,0,1,1,0,PHI
2011/5/1,1:51 a.m.,FIFTH ST & ROOSEVELT BL,1,2,1,0,0,0,1,PHI
2011/5/1,19:23 p.m.,FRONT ST,1,2,1,0,0,0,1,PHI
2011/5/1,2:32 a.m.,21ST ST & WALNUT ST,1,2,1,0,1,1,0,PHI
2011/5/1,2:35 a.m.,CHRISTOPHER COLUMBUS BL,1,3,1,0,1,1,0,PHI
2011/5/1,5:26 a.m.,ROOSEVELT BL & WELSH RD,1,2,1,0,0,0,1,PHI
2011/5/1,15:25 p.m.,ACADEMY RD,1,2,1,0,0,0,1,PHI
2011/5/1,10:33 a.m.,BROAD ST & RITNER ST,1,2,1,0,0,0,1,PHI
2011/5/1,17:50 p.m.,FITZWATER ST & GRAYS FERRY AV,1,2,0,1,1,1,0,PHI
2011/5/1,13:44 p.m.,ALLEGHENY AV & MASCHER ST,1,2,1,0,1,1,0,PHI
2011/5/1,17:00 p.m.,50TH ST & WARRINGTON AV,1,2,1,0,1,1,0,PHI
2011/5/1,23:09 p.m.,58TH ST & SPRINGFIELD AV,1,3,1,0,2,1,0,PHI
2011/5/1,18:29 p.m.,CHRISTIAN ST,1,5,1,0,1,1,0,PHI
2011/5/1,18:18 p.m.,COBBS CREEK PY,1,2,0,1,1,1,0,PHI
2011/5/1,16:31 p.m.,HUNTINGDON ST & MYRTLEWOOD ST,2,5,4,0,4,1,0,PHI
2011/5/1,11:30 a.m.,DELAWARE AV,1,2,0,1,1,1,0,PHI
2012/5/1,18:46 p.m.,COTTMAN AV & ROOSEVELT BL,1,2,1,0,0,0,1,PHI
2012/5/1,6:15 a.m.,CHELTENHAM AV,1,2,1,0,1,1,0,PHI
2012/5/1,10:40 a.m.,CHANCELLOR ST & EIGHTEENTH ST,1,2,1,0,1,1,0,PHI
2012/5/1,10:00 a.m.,FORTYFIFTH ST & SPRINGFIELD AV,1,3,2,0,2,2,0,PHI
2012/5/1,22:15 p.m.,TORRESDALE AV,1,2,0,1,0,0,1,PHI
2012/5/1,7:30 a.m.,GIRARD AV & HOWARD ST,1,2,1,0,1,1,0,PHI
2012/5/1,19:16 p.m.,RUTLAND ST,1,2,1,0,1,1,0,PHI
2012/5/1,14:19 p.m.,SECOND ST,1,2,1,0,1,1,0,PHI
2012/5/1,23:35 p.m.,FRANKFORD AV,1,2,1,0,1,1,0,PHI
2012/5/1,14:07 p.m.,ROOSEVELT BL & TYSON AV,1,2,1,0,2,1,0,PHI
2012/5/1,15:30 p.m.,CECIL B MOORE AV,1,2,1,0,1,1,0,PHI
2012/5/1,6:35 a.m.,RED LION RD,1,4,3,0,3,0,1,PHI
2012/5/1,20:53 p.m.,ELKHART ST & FRANKFORD AV,1,3,1,0,0,0,1,PHI
2012/5/1,20:00 p.m.,MARKET ST,1,2,0,1,1,1,0,PHI
2012/5/1,21:40 p.m.,GARMAN ST & S 64TH ST,1,2,1,0,1,1,0,PHI
2013/5/1,16:32 p.m.,EIGHTEENTH ST & SPRING GARDEN ST,2,4,2,0,3,0,1,PHI
2013/5/1,17:00 p.m.,MARVINE ST,1,2,1,0,1,1,0,PHI
2013/5/1,4:32 a.m.,ADAMS AV & TABOR AV & TABOR RD,1,2,1,0,1,1,0,PHI
2013/5/1,22:20 p.m.,JOHNSON ST & STENTON AV,1,5,1,0,1,1,0,PHI
2013/5/1,21:00 p.m.,H ST,1,2,0,1,1,1,0,PHI
2013/5/1,21:45 p.m.,FORTIETH ST & POWELTON AV,1,2,1,0,1,1,0,PHI
2013/5/1,99:99 p.m.,LOCUST ST & TWENTYTHIRD ST,1,2,0,1,1,1,0,PHI
2013/5/1,19:15 p.m.,LOMBARD ST & THIRD ST,1,2,1,0,1,1,0,PHI
2013/5/1,14:45 p.m.,FIFTH ST & JEFFERSON ST,1,2,0,1,1,1,0,PHI
2013/5/1,13:30 p.m.,MOLE AV & OREGON ST,2,4,1,0,3,1,0,PHI
2013/5/1,19:40 p.m.,MASCHER ST,1,2,1,0,1,1,0,PHI
2013/5/1,23:29 p.m.,FIFTYSECOND ST & WYALUSING ST,1,2,1,0,1,1,0,PHI
2014/5/1,17:59 p.m.,MANHEIM ST,1,2,0,1,1,1,0,PHI
2014/5/1,15:34 p.m.,WALNUT ST,1,2,1,0,1,1,0,PHI
2014/5/1,9:54 a.m.,THIRTIETH ST & WALNUT ST,2,3,1,0,1,0,2,PHI
2014/5/1,2:33 a.m.,AMERICAN ST & GIRARD AV & SECOND ST,1,3,0,1,0,0,1,PHI
2014/5/1,12:37 a.m.,FLORENCE AV,1,3,2,0,3,2,0,PHI
2014/5/1,13:40 p.m.,GIRARD AV,1,2,1,0,0,0,1,PHI
2014/5/1,18:45 p.m.,IRVING ST,1,2,1,0,1,1,0,PHI
2014/5/1,16:40 p.m.,27TH ST & DICKINSON ST,1,2,0,1,1,1,0,PHI
2014/5/1,9:45 a.m.,HUNTING PARK AV,1,3,1,0,1,1,0,PHI
2015/5/1,17:25 p.m.,ARCH ST & ELEVENTH ST,1,22,1,0,0,0,1,PHI
2015/5/1,23:44 p.m.,GIRARD AV & RIDGE AV,2,2,0,1,1,0,1,PHI
2015/5/1,21:03 p.m.,32ND ST & ALLEGHENY AV,1,2,1,0,1,1,0,PHI
2015/5/1,21:10 p.m.,CHURCH ST & TORRESDALE AV,1,2,1,0,1,1,0,PHI
2015/5/1,13:02 p.m.,DELAWARE EX,2,2,1,0,2,1,0,PHI
2015/5/1,21:28 p.m.,KENSINGTON AV & SERGEANT ST,1,3,1,0,1,1,0,PHI
2015/5/1,12:28 p.m.,SPRINGFIELD AV,1,2,1,0,1,1,0,PHI
2015/5/1,17:30 p.m.,3RD ST & ALLEGHENY AV,1,2,1,0,1,1,0,PHI
2016/5/1,18:00 p.m.,SCHOOL HOUSE LN & WAYNE AV,1,2,1,0,1,1,0,PHI
2016/5/1,16:35 p.m.,MARSDEN ST,1,2,1,0,1,1,0,PHI
2016/5/1,21:35 p.m.,BROAD ST & OLNEY AV,1,2,1,0,1,1,0,PHI
2016/5/1,18:16 p.m.,VINE ST,1,2,1,0,0,0,1,PHI
2016/5/1,23:20 p.m.,C ST & ROOSEVELT BL,1,2,1,0,0,0,1,PHI
2016/5/1,11:54 a.m.,ORTHODOX ST,1,2,0,1,0,0,1,PHI
2016/5/1,22:00 p.m.,FRONT ST,2,2,1,0,0,0,1,PHI
2016/5/1,20:35 p.m.,44TH ST & BELMONT AV & LANCASTER AV,1,2,1,0,1,1,0,PHI
2016/5/1,16:52 p.m.,BINGHAM ST & D ST & ROOSEVELT BL,1,2,1,0,0,0,1,PHI
2016/5/1,12:37 a.m.,BUSTLETON AV,1,2,1,0,0,0,1,PHI
2017/5/1,12:27 p.m.,S 34TH ST,1,3,0,1,1,1,0,PHI
2017/5/1,4:44 a.m.,ARAMINGO AV,1,2,1,0,0,0,1,PHI
2017/5/1,3:03 a.m.,BRYN MAWR AV & CITY AV,1,2,1,0,1,1,0,PHI
2017/5/1,18:01 p.m.,60TH ST & KINGSESSING AV,2,6,2,0,3,1,0,PHI
2017/5/1,14:40 p.m.,5TH ST & CAYUGA ST,1,2,1,0,2,1,0,PHI
2017/5/1,5:25 a.m.,BROAD ST & HUNTING PARK AV,1,2,1,0,2,1,0,PHI
2017/5/1,19:30 p.m.,OAKLAND ST,1,2,1,0,1,1,0,PHI
2017/5/1,20:44 p.m.,HUNTING PARK AV,1,2,1,0,1,1,0,PHI
2017/5/1,15:52 p.m.,FRANKFORD AV,1,2,1,0,1,1,0,PHI
2017/5/1,22:22 p.m.,46TH ST & CHESTNUT ST,1,2,1,0,1,1,0,PHI
2017/5/1,23:09 p.m.,GREEN LN & RIDGE AV,1,2,1,0,0,0,1,PHI
2011/6/1,8:08 a.m.,GILLESPIE ST & LEVICK ST,1,2,1,0,0,0,1,PHI
2011/6/1,21:57 p.m.,CEDAR AV & SIXTYFIRST ST,1,2,1,0,2,1,0,PHI
2011/6/1,23:00 p.m.,WYALUSING AV,1,2,1,0,0,0,1,PHI
2011/6/1,12:48 a.m.,ARAMINGO AV & CAMBRIA ST,2,3,1,0,1,1,0,PHI
2011/6/1,17:50 p.m.,WALKER ST,1,2,1,0,1,1,0,PHI
2011/6/1,10:43 a.m.,FORTYSEVENTH ST & KINGSESSING AV,1,2,0,1,1,1,0,PHI
2011/6/1,9:30 a.m.,DOMINO LN,1,2,0,1,1,1,0,PHI
2011/6/1,19:47 p.m.,BOWLER ST & BUSTLETON AV,1,4,1,0,1,1,0,PHI
2011/6/1,18:30 p.m.,BENNINGTON ST,1,2,1,0,1,1,0,PHI
2011/6/1,13:40 p.m.,FIFTH ST,2,2,0,1,1,1,0,PHI
2011/6/1,17:40 p.m.,SUSQUEHANNA AV,1,3,1,0,1,1,0,PHI
2011/6/1,19:00 p.m.,TEMPLE RD,2,2,1,0,1,1,0,PHI
2011/6/1,19:35 p.m.,MARTIN LUTHER KING DR,1,2,0,1,1,1,0,PHI
2011/6/1,7:50 a.m.,BARTRAM AV & EIGHTYFOURTH ST,1,2,1,0,1,1,0,PHI
2012/6/1,17:00 p.m.,ALLEGHENY AV & ARAMINGO AV,1,2,1,0,1,1,0,PHI
2012/6/1,8:50 a.m.,MARKET ST,1,3,1,0,1,1,0,PHI
2012/6/1,15:40 p.m.,CRESTON ST,1,2,1,0,1,1,0,PHI
2012/6/1,7:00 a.m.,BROUS AV & COTTMAN AV,1,2,1,0,1,1,0,PHI
2012/6/1,2:10 a.m.,CHESTNUT ST & SIXTYFIRST ST,1,2,1,0,1,1,0,PHI
2012/6/1,5:45 a.m.,AMERICAN ST,1,2,1,0,0,0,1,PHI
2012/6/1,20:54 p.m.,LEHIGH AV,1,2,1,0,1,1,0,PHI
2013/6/1,17:35 p.m.,CHESTER AV & FIFTYEIGHTH ST,1,2,1,0,1,1,0,PHI
2013/6/1,23:00 p.m.,PAXON ST & SPRINGFIELD AV,1,2,1,0,1,1,0,PHI
2013/6/1,15:57 p.m.,CECIL B MOORE AV & SIXTH ST,1,2,0,1,1,1,0,PHI
2013/6/1,99:99 p.m.,COTTMAN AV & OXFORD AV,1,2,1,0,0,0,1,PHI
2013/6/1,17:04 p.m.,AMERICAN ST & GIRARD AV & SECOND ST,1,2,1,0,1,1,0,PHI
2013/6/1,4:41 a.m.,KENSINGTON AV,1,2,1,0,1,1,0,PHI
2013/6/1,13:15 p.m.,CLEARFIELD ST,1,2,1,0,1,1,0,PHI
2013/6/1,19:45 p.m.,RORER ST,1,2,1,0,1,1,0,PHI
2013/6/1,19:43 p.m.,ELEANOR ST & FRONT ST & RISING SUN AV,1,3,0,1,1,1,0,PHI
2013/6/1,12:12 p.m.,ROOSEVELT BL,1,4,1,0,1,1,0,PHI
2014/6/1,15:35 p.m.,56TH ST & VINE ST & VODGES ST,1,2,1,0,1,1,0,PHI
2014/6/1,20:00 p.m.,LANCASTER AV,1,2,1,0,1,1,0,PHI
2014/6/1,4:45 a.m.,SIXTYFIFTH ST,1,2,1,0,0,0,1,PHI
2014/6/1,22:52 p.m.,FRANKFORD AV & SHEFFIELD AV,1,2,1,0,0,0,1,PHI
2014/6/1,11:31 a.m.,9TH ST & SPRING GARDEN ST,1,2,0,1,1,1,0,PHI
2014/6/1,23:15 p.m.,FIFTEENTH ST & VINE ST,1,2,0,1,1,1,0,PHI
2014/6/1,20:47 p.m.,2ND ST & ALLEGHENY AV,1,2,1,0,1,1,0,PHI
2014/6/1,19:20 p.m.,N 54TH ST,1,2,1,0,1,1,0,PHI
2015/6/1,18:40 p.m.,7TH ST & CAYUGA ST,1,2,0,1,0,0,1,PHI
2015/6/1,8:30 a.m.,M ST,1,3,2,0,2,1,0,PHI
2015/6/1,20:40 p.m.,ROBERTS AV,1,2,1,0,1,1,0,PHI
2015/6/1,12:57 a.m.,MARKET ST,1,2,1,0,1,1,0,PHI
2015/6/1,23:40 p.m.,5TH ST & CECIL B MOORE AV,1,2,0,1,1,1,0,PHI
2015/6/1,22:05 p.m.,ERIE AV,1,2,0,1,0,0,1,PHI
2015/6/1,12:10 a.m.,SCHUYLKILL EX,1,6,1,0,1,1,0,PHI
2015/6/1,21:15 p.m.,18TH ST & MARKET ST,1,2,1,0,1,1,0,PHI
2016/6/1,16:10 p.m.,GERMANTOWN AV & GRAVERS LN,1,18,2,0,1,0,1,PHI
2016/6/1,1:17 a.m.,CECIL B MOORE AV,1,2,1,0,0,0,1,PHI
2016/6/1,21:13 p.m.,OLD YORK RD,2,2,1,0,0,0,1,PHI
2016/6/1,13:28 p.m.,SCHOOL HOUSE LN,1,2,0,1,1,1,0,PHI
2016/6/1,16:45 p.m.,CITY AV & CONSHOHOCKEN AV,1,2,1,0,1,1,0,PHI
2016/6/1,21:45 p.m.,SNYDER AV,1,2,1,0,1,1,0,PHI
2016/6/1,23:30 p.m.,59TH ST & RACE ST,1,2,1,0,1,1,0,PHI
2016/6/1,23:00 p.m.,ADAMS AV & ROOSEVELT BL,1,2,1,0,0,0,1,PHI
2016/6/1,1:40 a.m.,BROAD ST,1,4,0,1,2,1,0,PHI
2016/6/1,3:37 a.m.,S 61ST ST,3,2,1,0,1,1,0,PHI
2016/6/1,23:10 p.m.,BROAD ST & ROCKLAND ST,1,2,1,0,1,1,0,PHI
2016/6/1,7:59 a.m.,ELLSWORTH ST,1,2,1,0,1,1,0,PHI
2016/6/1,11:15 a.m.,ROOSEVELT BL & SOUTHAMPTON RD,2,3,1,0,0,0,1,PHI
2017/6/1,12:25 a.m.,MARKET ST & THIRTYEIGHTH ST,1,2,1,0,0,0,1,PHI
2017/6/1,16:05 p.m.,16TH ST & CECIL B MOORE AV,2,4,1,0,2,1,0,PHI
2017/6/1,7:44 a.m.,CITY AV & PRESIDENTIAL BL,1,3,0,2,2,1,0,PHI
2017/6/1,20:47 p.m.,ARAMINGO AV,1,3,2,0,1,1,1,PHI
2017/6/1,14:00 p.m.,18TH ST & SPRUCE ST,1,2,0,1,1,1,0,PHI
2017/6/1,11:43 a.m.,JOHN F KENNEDY BL,2,8,2,0,2,1,1,PHI
2017/6/1,23:00 p.m.,PARKSIDE AV,1,3,1,0,1,1,0,PHI
2017/6/1,16:30 p.m.,BROAD ST & MOORE ST,1,2,1,0,1,1,0,PHI
2017/6/1,11:16 a.m.,5TH ST & BERKS ST,1,4,1,0,1,1,0,PHI
2017/6/1,4:46 a.m.,VINE STREET EX,2,3,1,0,2,1,1,PHI
2017/6/1,16:18 p.m.,17TH ST & DIAMOND ST,1,2,1,0,1,1,0,PHI
2017/6/1,12:25 a.m.,ROOSEVELT BL,2,3,1,0,0,0,1,PHI
2011/7/1,23:00 p.m.,JASPER ST & VENANGO ST,1,2,1,0,1,1,0,PHI
2011/7/1,23:22 p.m.,COMLY ST & TACONY ST,1,2,1,0,1,1,0,PHI
2011/7/1,23:57 p.m.,FRANKFORD AV,1,2,1,0,0,0,1,PHI
2011/7/1,22:30 p.m.,FIFTH ST,1,2,1,0,1,1,0,PHI
2011/7/1,4:48 a.m.,LANCASTER AV & MAY ST,1,2,1,0,0,0,1,PHI
2011/7/1,19:25 p.m.,CHRISTIAN ST,1,2,1,0,1,1,0,PHI
2011/7/1,21:46 p.m.,ERIE AV,4,3,1,0,2,1,0,PHI
2011/7/1,9:13 a.m.,BROAD ST,1,2,1,0,1,1,0,PHI
2012/7/1,1:28 a.m.,BELFIELD AV,1,3,1,0,1,1,0,PHI
2012/7/1,23:09 p.m.,PASSYUNK AV,1,2,1,0,0,0,1,PHI
2012/7/1,17:50 p.m.,NINETEENTH ST,1,2,0,1,1,1,0,PHI
2012/7/1,20:10 p.m.,SIXTYSECOND ST & VINE ST,1,2,0,1,1,1,0,PHI
2012/7/1,16:39 p.m.,BROAD ST,2,3,1,0,1,1,0,PHI
2012/7/1,99:99 p.m.,ROSS ST,1,3,1,0,1,1,0,PHI
2012/7/1,18:00 p.m.,DICKINSON ST & NINETEENTH ST,1,2,0,1,1,1,0,PHI
2012/7/1,1:47 a.m.,DELAWARE AV,1,2,1,0,1,1,0,PHI
2013/7/1,9:20 a.m.,AMERICAN ST & LEHIGH AV,1,2,1,0,0,0,1,PHI
2013/7/1,22:00 p.m.,LANSDOWNE AV & SIXTYTHIRD ST,1,2,1,0,1,1,0,PHI
2013/7/1,14:43 p.m.,CHELWYNDE AV,1,3,1,0,1,1,0,PHI
2013/7/1,20:18 p.m.,S TWENTYFIRST ST,1,2,1,0,0,0,1,PHI
2013/7/1,20:33 p.m.,FIFTH ST,1,2,1,0,0,0,1,PHI
2013/7/1,16:18 p.m.,GERMANTOWN AV & SEYMOUR ST,1,2,1,0,1,1,0,PHI
2013/7/1,22:26 p.m.,ROOSEVELT BL,1,6,5,0,1,0,4,PHI
2013/7/1,99:99 p.m.,SHARPNACK ST,1,2,1,0,1,1,0,PHI
2013/7/1,1:32 a.m.,LEHIGH AV,3,2,1,0,1,1,0,PHI
2013/7/1,16:48 p.m.,BUIST AV & SIXTYFIRST ST,1,2,1,0,1,1,0,PHI
2013/7/1,2:15 a.m.,DUNKS FERRY RD,1,3,0,2,2,1,0,PHI
2013/7/1,1:00 a.m.,RISING SUN AV & TABOR RD,1,2,1,0,2,1,0,PHI
2014/7/1,15:52 p.m.,N 4TH ST,1,2,1,0,1,1,0,PHI
2014/7/1,16:46 p.m.,FIFTYSECOND ST & SANSOM ST,1,2,0,1,1,1,0,PHI
2014/7/1,20:21 p.m.,N DARIEN ST,1,2,1,0,1,1,0,PHI
2014/7/1,23:00 p.m.,PARK AV & W HUNTING PARK AV,1,3,2,0,2,1,0,PHI
2014/7/1,15:23 p.m.,CHRISTIAN ST,1,2,1,0,1,1,0,PHI
2014/7/1,9:02 a.m.,CASTOR AV,2,3,1,0,0,0,1,PHI
2014/7/1,11:20 a.m.,GERMANTOWN AV,1,7,4,0,3,0,4,PHI
2015/7/1,23:30 p.m.,CHRISTOPHER COLUMBUS BL,1,4,2,0,2,1,0,PHI
2015/7/1,1:08 a.m.,11TH ST & WALNUT ST,1,2,1,0,0,0,1,PHI
2015/7/1,8:30 a.m.,22ND ST & MARKET ST,1,2,0,1,1,1,0,PHI
2015/7/1,15:45 p.m.,7TH ST & ALLEGHENY AV,1,2,1,0,1,1,0,PHI
2015/7/1,13:00 p.m.,N 2ND ST,1,2,0,1,0,0,1,PHI
2015/7/1,16:00 p.m.,59TH ST & LANCASTER AV,1,2,1,0,1,1,0,PHI
2015/7/1,8:00 a.m.,ERIE AV & K ST,1,2,1,0,1,1,0,PHI
2015/7/1,15:43 p.m.,WALNUT ST,1,2,1,0,1,1,0,PHI
2016/7/1,1:41 a.m.,5TH ST & RUSCOMB ST,1,2,1,0,1,1,0,PHI
2016/7/1,1:42 a.m.,WISSAHICKON AV,1,2,1,0,1,0,1,PHI
2016/7/1,20:41 p.m.,BROAD ST,1,3,1,0,1,1,0,PHI
2016/7/1,11:30 a.m.,CROSKEY ST & MONTGOMERY AV,1,2,1,0,1,1,0,PHI
2016/7/1,14:30 p.m.,GIRARD AV,1,5,1,0,0,0,1,PHI
2016/7/1,99:99 p.m.,RIDGE AV & YORK ST,1,2,1,0,0,0,1,PHI
2016/7/1,19:29 p.m.,OGONTZ AV & SEVENTYFIFTH AV & WASHINGTON LN,1,3,1,0,1,1,0,PHI
2016/7/1,5:49 a.m.,5TH ST,1,2,1,0,1,1,0,PHI
2016/7/1,21:06 p.m.,21ST ST & JACKSON ST,2,9,3,0,6,0,1,PHI
2017/7/1,22:01 p.m.,HAZZARD ST,1,2,1,0,0,0,1,PHI
2017/7/1,9:45 a.m.,BROAD ST & LOCUST ST,1,2,1,0,1,1,0,PHI
2017/7/1,13:55 p.m.,2ND ST & FURLEY ST,1,2,0,1,1,1,0,PHI
2017/7/1,14:07 p.m.,ALTON ST & GRANT AV & WELSH RD,3,5,1,0,0,0,1,PHI
2017/7/1,22:27 p.m.,RAMP A RD & SCHUYLKILL EX,1,2,1,0,0,0,1,PHI
2017/7/1,23:30 p.m.,PARKSIDE AV,1,2,1,0,0,0,1,PHI
2017/7/1,14:45 p.m.,HARBISON AV & ROOSEVELT BL,1,3,1,0,0,0,1,PHI
2011/8/1,2:20 a.m.,OGONTZ AV & SPENCER AV,1,2,1,0,1,1,0,PHI
2011/8/1,19:15 p.m.,FIFTIETH ST & HAVERFORD AV,1,2,0,1,1,1,0,PHI
2011/8/1,15:55 p.m.,CHRISTIAN ST & FIFTEENTH ST,1,2,1,0,1,1,0,PHI
2011/8/1,16:50 p.m.,ALLEGHENY AV,1,3,1,0,1,1,0,PHI
2011/8/1,17:19 p.m.,BROAD ST,1,2,1,0,1,1,0,PHI
2011/8/1,99:99 p.m.,CORAL ST & FRANKFORD AV & LEHIGH AV,2,4,1,0,4,2,0,PHI
2011/8/1,20:30 p.m.,FIFTYSECOND ST & HAVERFORD AV,1,2,0,1,1,1,0,PHI
2011/8/1,99:99 p.m.,FRANKFORD AV,3,10,1,0,10,1,0,PHI
2011/8/1,8:20 a.m.,CHESTNUT ST & NINTH ST,1,2,1,0,1,1,0,PHI
2011/8/1,13:11 p.m.,SEDGLEY AV & YORK ST,1,2,1,0,1,1,0,PHI
2011/8/1,6:00 a.m.,BUIST AV & SIXTYFIFTH ST,1,2,0,1,0,0,1,PHI
2011/8/1,19:51 p.m.,DICKINSON ST & TWENTYSEVENTH ST,1,2,1,0,1,1,0,PHI
2011/8/1,12:00 a.m.,CAMAC ST & VENANGO ST,1,2,1,0,1,1,0,PHI
2011/8/1,13:36 p.m.,DIAMOND ST,1,4,1,0,3,1,0,PHI
2012/8/1,10:50 a.m.,ERIE AV & L ST,1,2,1,0,0,0,1,PHI
2012/8/1,22:30 p.m.,FIFTYSIXTH ST & WHITBY AV,1,2,0,1,1,1,0,PHI
2012/8/1,1:10 a.m.,OXFORD AV,1,2,1,0,1,0,1,PHI
2012/8/1,16:19 p.m.,53RD ST & DELANCEY ST,1,3,1,0,1,1,0,PHI
2012/8/1,2:14 a.m.,HARTEL AV & ROOSEVELT BL,1,2,1,0,0,0,1,PHI
2012/8/1,22:52 p.m.,ROOSEVELT BL,1,3,2,0,2,0,1,PHI
2012/8/1,16:37 p.m.,FIFTYFIFTH ST,1,2,1,0,1,1,0,PHI
2012/8/1,19:29 p.m.,PINE ST,1,2,1,0,1,1,0,PHI
2013/8/1,12:45 a.m.,ELEVENTH ST,1,3,1,0,1,1,0,PHI
2013/8/1,18:22 p.m.,MARKET ST & THIRTEENTH ST,1,3,1,0,1,1,0,PHI
2013/8/1,4:55 a.m.,CHAMPLOST AV & OGONTZ AV,1,2,1,0,1,1,0,PHI
2013/8/1,5:38 a.m.,CHRISTIAN ST & CHRISTOPHER COLUMBUS BL,1,2,1,0,2,1,0,PHI
2013/8/1,1:00 a.m.,WATER ST,1,3,2,0,2,1,0,PHI
2013/8/1,23:10 p.m.,N FIFTH ST,1,2,1,0,0,0,1,PHI
2013/8/1,13:30 p.m.,ALLISON ST & MASTER ST,1,2,0,1,1,1,0,PHI
2013/8/1,3:05 a.m.,FORTYEIGHTH ST,1,2,1,0,1,1,0,PHI
2013/8/1,18:45 p.m.,MAIN ST & RIDGE AV,1,6,0,1,1,1,0,PHI
2013/8/1,23:59 p.m.,GIRARD AV,1,3,1,0,0,0,1,PHI
2014/8/1,13:51 p.m.,OXFORD AV,1,2,1,0,0,0,1,PHI
2014/8/1,10:35 a.m.,21ST ST & WINTER ST,1,2,0,1,1,1,0,PHI
2014/8/1,15:30 p.m.,CEDAR AV & FIFTYSECOND ST,1,2,1,0,1,1,0,PHI
2014/8/1,16:37 p.m.,BROAD ST & JACKSON ST,1,2,1,0,1,1,0,PHI
2014/8/1,21:36 p.m.,54TH ST & SPRUCE ST,1,2,1,0,1,1,0,PHI
2014/8/1,3:08 a.m.,ACADEMY RD,2,3,1,0,1,0,1,PHI
2014/8/1,4:46 a.m.,BELFIELD AV & BROAD ST & COURTLAND ST,3,4,1,0,0,0,1,PHI
2014/8/1,20:50 p.m.,LARGE ST & SANGER ST,1,2,1,0,1,1,0,PHI
2014/8/1,5:29 a.m.,9TH ST & WYOMING AV,1,2,1,0,0,0,1,PHI
2014/8/1,1:35 a.m.,ALLEGHENY AV,1,3,1,0,1,1,0,PHI
2014/8/1,23:17 p.m.,OLNEY AV & WAGNER AV,1,2,0,1,1,1,0,PHI
2015/8/1,16:32 p.m.,LAMBERT ST,1,2,1,0,1,1,0,PHI
2015/8/1,16:14 p.m.,BENJAMIN FRANKLIN PY,1,8,0,1,1,1,0,PHI
2015/8/1,3:30 a.m.,HENRY AV,1,3,1,0,0,0,1,PHI
2015/8/1,9:45 a.m.,FRANKLIN ST & RACE ST,1,2,1,0,0,0,1,PHI
2015/8/1,18:57 p.m.,MAGEE ST & SYLVESTER ST,4,2,1,0,1,1,0,PHI
2015/8/1,16:26 p.m.,18TH ST & FONTAIN ST,1,2,1,0,1,1,0,PHI
2015/8/1,19:20 p.m.,GIBBS PL,1,2,1,0,1,1,0,PHI
2015/8/1,17:09 p.m.,& RAMP RD & SOUTH ST,1,2,0,1,1,1,0,PHI
2015/8/1,99:99 p.m.,BROAD ST,1,4,1,0,1,1,0,PHI
2015/8/1,21:40 p.m.,WASHINGTON AV,1,2,1,0,1,1,0,PHI
2015/8/1,12:10 a.m.,BENJAMIN FRANKLIN PY & TWENTYSECOND ST,1,2,0,1,1,1,0,PHI
2015/8/1,19:49 p.m.,SYLVANIA ST,1,2,1,0,1,1,0,PHI
2015/8/1,20:30 p.m.,AMERICAN ST & DUNCANNON ST,1,2,0,1,1,1,0,PHI
2015/8/1,23:50 p.m.,PASSYUNK AV,1,2,1,0,1,1,0,PHI
2015/8/1,12:04 p.m.,GERMANTOWN AV,1,3,0,1,1,1,0,PHI
2015/8/1,17:05 p.m.,RAMP RD & SOUTH ST,1,2,0,1,1,1,0,PHI
2016/8/1,12:32 a.m.,54TH RD & GAINOR RD,1,2,1,0,1,1,0,PHI
2016/8/1,17:00 p.m.,LUZERNE ST & OLD YORK RD,1,2,0,1,1,1,0,PHI
2016/8/1,19:23 p.m.,55TH ST & LUDLOW ST,1,2,0,1,1,1,0,PHI
2016/8/1,20:15 p.m.,2ND ST & W CAMBRIA ST,2,2,1,0,1,1,0,PHI
2016/8/1,23:48 p.m.,PEACH ST & SPRINGFIELD AV,1,2,1,0,0,0,1,PHI
2016/8/1,19:30 p.m.,26TH ST & PENROSE AV & TWENTYSIXTH ST,1,2,1,0,1,1,0,PHI
2016/8/1,19:44 p.m.,GIRARD AV,1,3,1,0,1,1,0,PHI
2016/8/1,2:08 a.m.,CHRISTOPHER COLUMBUS BL,1,3,1,0,3,1,0,PHI
2016/8/1,1:39 a.m.,LEHIGH AV & MASCHER ST,1,3,2,0,1,0,1,PHI
2016/8/1,18:20 p.m.,24TH ST,1,2,1,0,0,0,1,PHI
2016/8/1,12:58 a.m.,MAIN ST,3,3,1,0,2,1,0,PHI
2016/8/1,12:22 a.m.,ROOSEVELT BL,1,2,1,0,1,1,0,PHI
2016/8/1,18:42 p.m.,MERION AV,1,2,1,0,0,0,1,PHI
2016/8/1,19:38 p.m.,PAXON ST & SPRINGFIELD AV,1,2,1,0,1,1,0,PHI
2016/8/1,5:55 a.m.,22ND ST & FAIRMOUNT AV,1,2,1,0,1,1,0,PHI
2016/8/1,14:15 p.m.,8TH ST & RAMP RD & VINE ST,1,2,0,1,1,1,0,PHI
2017/8/1,15:53 p.m.,ALBURGER AV & VERREE RD,1,2,0,1,1,1,0,PHI
2017/8/1,12:46 a.m.,BROAD ST,1,3,1,0,0,0,1,PHI
2017/8/1,1:13 a.m.,40TH ST & WALNUT ST,1,2,1,0,1,1,0,PHI
2017/8/1,22:25 p.m.,ALLEGHENY AV,1,2,1,0,0,0,1,PHI
2017/8/1,3:45 a.m.,RACE ST & WATTS ST,1,2,1,0,0,0,1,PHI
2017/8/1,99:99 p.m.,RIDGE AV & TWENTYNINTH ST,3,2,1,0,1,1,0,PHI
2017/8/1,21:29 p.m.,RACE ST,1,2,1,0,1,1,0,PHI
2017/8/1,22:34 p.m.,BUSTLETON AV,5,12,1,0,9,2,0,PHI
2017/8/1,23:45 p.m.,ASHDALE ST & C ST,1,2,0,1,0,0,1,PHI
2017/8/1,16:24 p.m.,MAYFAIR ST & MONTOUR ST,1,2,1,0,0,0,1,PHI
2011/9/1,16:25 p.m.,HENRY AV & MIDVALE AV,1,2,1,0,1,1,0,PHI
2011/9/1,99:99 p.m.,CASTOR AV & TYSON AV,1,2,1,0,1,1,0,PHI
2011/9/1,99:99 p.m.,MARKET ST,1,3,2,0,2,2,0,PHI
2011/9/1,6:20 a.m.,LEHIGH AV & SECOND ST,1,2,1,0,1,1,0,PHI
2011/9/1,9:55 a.m.,RAMP A RD & SCHUYLKILL AV & SCHUYLKILL EX & WALNUT ST,1,2,0,1,1,1,0,PHI
2011/9/1,13:00 p.m.,FRONT ST & OLNEY AV,1,2,1,0,1,1,0,PHI
2011/9/1,13:15 p.m.,ROBINSON ST,1,2,1,0,1,1,0,PHI
2011/9/1,11:41 a.m.,COTTMAN AV & HORROCKS ST,1,3,2,0,2,2,0,PHI
2011/9/1,21:00 p.m.,GIRARD AV & NINTH ST,1,3,0,1,1,1,0,PHI
2011/9/1,3:30 a.m.,S SEVENTH ST,1,2,0,1,1,1,0,PHI
2011/9/1,6:45 a.m.,TORRESDALE AV,1,2,1,0,0,0,1,PHI
2011/9/1,19:37 p.m.,B ST,1,2,1,0,0,0,1,PHI
2011/9/1,14:37 p.m.,ROOSEVELT BL,1,3,2,0,1,0,1,PHI
2011/9/1,18:00 p.m.,RIDGE AV,2,3,1,0,0,0,1,PHI
2011/9/1,2:35 a.m.,JOHN F KENNEDY BL,1,2,1,0,1,1,0,PHI
2012/9/1,10:10 a.m.,MARKET ST,1,2,1,0,1,1,0,PHI
2012/9/1,7:25 a.m.,KELLY DR,2,2,1,0,0,1,0,PHI
2012/9/1,21:55 p.m.,DAUPHIN ST & THOMPSON ST,1,4,1,0,2,1,0,PHI
2012/9/1,17:55 p.m.,GODFREY AV & TENTH ST,1,1,1,0,1,1,0,PHI
2012/9/1,4:20 a.m.,QUEEN LN & WAYNE AV,2,3,1,0,2,1,0,PHI
2012/9/1,13:00 p.m.,LEHIGH AV,1,2,1,0,1,1,0,PHI
2012/9/1,23:25 p.m.,HARBISON AV,1,2,1,0,1,1,0,PHI
2012/9/1,19:00 p.m.,RAMP RD & UNIVERSITY AV,1,3,0,1,0,0,1,PHI
2013/9/1,17:53 p.m.,D ST,1,2,1,0,1,1,0,PHI
2013/9/1,19:08 p.m.,TACONY ST,1,2,1,0,0,0,1,PHI
2013/9/1,17:00 p.m.,BRADDOCK ST,1,2,1,0,1,1,0,PHI
2013/9/1,7:55 a.m.,BROAD ST & CALLOWHILL ST,1,2,1,0,1,1,0,PHI
2013/9/1,7:15 a.m.,THIRD ST & WYOMING AV,3,4,1,0,3,1,0,PHI
2013/9/1,20:34 p.m.,FIFTH ST & NORRIS ST,1,5,0,1,1,1,0,PHI
2013/9/1,17:27 p.m.,DIAMOND ST & SEVENTEENTH ST,1,2,1,0,1,1,0,PHI
2013/9/1,5:25 a.m.,SPRUCE ST & THIRD ST,1,2,1,0,1,1,0,PHI
2013/9/1,19:57 p.m.,CLEVELAND ST,1,2,1,0,1,1,0,PHI
2013/9/1,18:18 p.m.,ARAMINGO AV,1,2,1,0,0,0,1,PHI
2013/9/1,17:00 p.m.,MARKET ST,1,3,1,0,1,1,0,PHI
2014/9/1,16:55 p.m.,MARKET ST,1,2,1,0,1,1,0,PHI
2014/9/1,18:30 p.m.,36TH ST & WARREN ST,1,2,0,1,1,1,0,PHI
2014/9/1,23:58 p.m.,ALLEGHENY AV & TWENTYFIFTH ST,2,4,1,0,0,0,1,PHI
2014/9/1,23:40 p.m.,N FIFTH ST,1,2,1,0,0,0,1,PHI
2014/9/1,19:08 p.m.,B ST,1,3,2,0,2,2,0,PHI
2014/9/1,21:40 p.m.,WHITAKER AV,1,2,1,0,1,1,0,PHI
2014/9/1,20:18 p.m.,LONGSHORE AV & LORETTO AV,1,2,0,1,0,0,1,PHI
2014/9/1,19:22 p.m.,15TH ST & WASHINGTON AV,1,3,2,0,1,0,1,PHI
2014/9/1,2:58 a.m.,BELFIELD AV,1,2,1,0,1,1,0,PHI
2014/9/1,19:22 p.m.,FIFTYFOURTH ST & OVERBROOK AV,1,2,1,0,0,0,1,PHI
2014/9/1,18:47 p.m.,42ND ST,1,2,1,0,1,1,0,PHI
2014/9/1,18:47 p.m.,N 42ND ST,1,2,1,0,1,1,0,PHI
2014/9/1,10:51 a.m.,11TH ST & ARCH ST,1,2,1,0,1,1,0,PHI
2015/9/1,22:01 p.m.,WYNNEFIELD AV,1,2,0,1,0,0,1,PHI
2015/9/1,4:30 a.m.,ARCH ST & BROAD ST,1,3,2,0,1,0,2,PHI
2015/9/1,3:00 a.m.,13TH ST & LOCUST ST,1,2,1,0,1,1,0,PHI
2015/9/1,16:45 p.m.,RIDGE AV,1,2,1,0,1,1,0,PHI
2015/9/1,21:43 p.m.,ARAMINGO AV,1,2,1,0,0,0,1,PHI
2015/9/1,2:15 a.m.,CHRISTOPHER COLUMBUS BL,1,2,1,0,1,1,0,PHI
2015/9/1,21:00 p.m.,GERMANTOWN AV,1,2,1,0,0,0,1,PHI
2015/9/1,20:40 p.m.,ROOSEVELT BL,1,2,1,0,0,0,1,PHI
2015/9/1,17:15 p.m.,S 21ST ST,1,2,1,0,0,0,1,PHI
2015/9/1,3:10 a.m.,47TH ST & WOODLAND AV,1,2,0,1,1,1,0,PHI
2016/9/1,8:00 a.m.,CURIE BL,1,2,1,0,1,1,0,PHI
2016/9/1,12:46 a.m.,FRANKFORD AV,1,2,0,1,0,0,1,PHI
2016/9/1,18:45 p.m.,L ST,1,2,1,0,1,1,0,PHI
2016/9/1,20:45 p.m.,CHRISTOPHER COLUMBUS BL,1,2,0,1,1,1,0,PHI
2016/9/1,99:99 p.m.,COTTMAN AV & ERDRICK ST,1,2,1,0,0,0,1,PHI
2016/9/1,12:00 p.m.,9TH ST,1,2,1,0,1,1,0,PHI
2016/9/1,11:21 a.m.,ALLEGHENY AV & SECOND ST,1,2,1,0,0,0,1,PHI
2016/9/1,7:20 a.m.,BYBERRY RD & KELVIN AV,1,3,1,0,1,1,0,PHI
2016/9/1,18:30 p.m.,HUNTING PARK AV,1,6,1,0,1,1,0,PHI
2016/9/1,1:36 a.m.,BLEIGH AV & CASTOR AV,1,2,1,0,0,0,1,PHI
2017/9/1,20:18 p.m.,MARKET ST & THIRTYEIGHTH ST,1,2,1,0,1,1,0,PHI
2017/9/1,17:22 p.m.,BROAD ST & RAMP RD & VINE ST,1,2,1,0,1,1,0,PHI
2017/9/1,20:21 p.m.,42ND ST & BROWN ST,1,2,1,0,1,1,0,PHI
2017/9/1,99:99 p.m.,40TH ST & GIRARD AV & PARKSIDE AV,1,2,1,0,1,1,0,PHI
2017/9/1,20:57 p.m.,58TH ST & HAVERFORD AV & WYALUSING AV,1,2,1,0,1,1,0,PHI
2017/9/1,16:44 p.m.,BROAD ST & ONTARIO ST,2,3,0,1,1,1,0,PHI
2017/9/1,16:21 p.m.,TORRESDALE AV,5,3,1,0,1,0,1,PHI
2017/9/1,15:30 p.m.,WASHINGTON LN,1,3,2,0,2,2,0,PHI
2017/9/1,14:24 p.m.,29TH ST & GIRARD AV & TWENTYNINTH ST,1,2,1,0,1,1,0,PHI
2017/9/1,9:50 a.m.,BROAD ST & SPRUCE ST,1,2,1,0,1,1,0,PHI
2017/9/1,12:38 p.m.,8TH ST & WALNUT ST,1,2,1,0,1,1,0,PHI
2017/9/1,22:36 p.m.,MELON ST,1,2,1,0,1,1,0,PHI
2017/9/1,12:55 a.m.,BROAD ST & GLENWOOD AV,1,2,1,0,0,0,1,PHI
2017/9/1,21:26 p.m.,ROOSEVELT BL,1,2,1,0,1,1,0,PHI
2017/9/1,16:39 p.m.,BRYN MAWR AV & CITY AV,1,2,1,0,1,1,0,PHI
2017/9/1,20:12 p.m.,RISING SUN AV & TABOR RD,1,2,1,0,1,1,0,PHI
2011/10/1,12:00 p.m.,ALLEGHENY AV & FOX ST,1,2,1,0,0,0,1,PHI
2011/10/1,19:30 p.m.,HENRY AV & MIDVALE AV,1,2,1,0,1,1,0,PHI
2011/10/1,22:30 p.m.,ALLEGHENY AV & GAUL ST,1,2,1,0,0,0,1,PHI
2011/10/1,22:06 p.m.,SPRUCE ST & TWENTYTHIRD ST,1,2,0,1,1,1,0,PHI
2011/10/1,15:15 p.m.,ARROTT ST & FRANKFORD AV & MARGARET ST & OXFORD AV,1,2,1,0,1,1,0,PHI
2011/10/1,13:20 p.m.,CRESTVIEW RD & HENRY AV,1,2,1,0,0,0,1,PHI
2011/10/1,22:50 p.m.,BROAD ST,1,2,1,0,1,1,0,PHI
2011/10/1,17:00 p.m.,HUTCHINSON ST,2,3,1,0,1,1,0,PHI
2011/10/1,23:29 p.m.,DELAWARE EX,1,2,1,0,1,0,1,PHI
2011/10/1,20:20 p.m.,C ST & ROOSEVELT BL,1,2,1,0,1,1,0,PHI
2012/10/1,5:15 a.m.,BROAD ST,1,3,1,0,1,1,0,PHI
2012/10/1,20:00 p.m.,BROAD ST,1,2,1,0,1,1,0,PHI
2012/10/1,16:00 p.m.,EDGEMONT ST,1,2,1,0,1,1,0,PHI
2012/10/1,19:58 p.m.,GERMANTOWN AV & LEHIGH AV,1,2,1,0,1,1,0,PHI
2012/10/1,20:36 p.m.,10TH ST & OREGON AV,1,2,0,1,0,0,2,PHI
2012/10/1,19:17 p.m.,BUSTLETON AV,1,2,1,0,0,0,1,PHI
2012/10/1,21:40 p.m.,RISING SUN AV,1,2,1,0,1,1,0,PHI
2012/10/1,1:35 a.m.,GREENWAY AV,1,2,1,0,1,1,0,PHI
2012/10/1,20:35 p.m.,SEDGLEY AV & TIOGA ST,0,5,1,0,1,1,0,PHI
2012/10/1,2:38 a.m.,CHESTNUT ST & FIFTYSIXTH ST,1,2,1,0,0,0,1,PHI
2012/10/1,12:52 p.m.,WEBSTER ST,1,3,1,0,1,1,0,PHI
2012/10/1,18:57 p.m.,ARAMINGO AV & CASTOR AV,1,3,2,0,2,2,0,PHI
2012/10/1,20:00 p.m.,PRATT ST & TORRESDALE AV,1,2,1,0,1,1,0,PHI
2012/10/1,12:36 p.m.,15TH ST & WALNUT ST,1,2,0,1,1,1,0,PHI
2012/10/1,15:04 p.m.,LEHIGH AV & SECOND ST,1,2,1,0,1,1,0,PHI
2012/10/1,18:00 p.m.,POPLAR ST & SIXTEENTH ST,1,2,0,1,1,1,0,PHI
2013/10/1,6:11 a.m.,CHESTNUT ST & TWENTYSECOND ST,1,5,1,0,0,0,1,PHI
2013/10/1,10:48 a.m.,FRANKFORD AV,1,6,1,0,0,0,1,PHI
2013/10/1,18:43 p.m.,EIGHTH ST & SHUNK ST,1,2,0,1,1,1,0,PHI
2013/10/1,22:56 p.m.,CLARISSA ST,1,2,1,0,0,0,1,PHI
2013/10/1,12:59 p.m.,FIFTYFOURTH ST & UPLAND WY,1,2,0,1,1,1,0,PHI
2013/10/1,6:20 a.m.,OLNEY AV & RISING SUN AV,1,2,1,0,0,0,1,PHI
2013/10/1,19:30 p.m.,OGONTZ AV & OLNEY AV,1,2,1,0,1,1,0,PHI
2013/10/1,20:41 p.m.,ORTHODOX ST & TORRESDALE AV,1,4,1,0,1,1,0,PHI
2013/10/1,8:25 a.m.,A ST & FISHER AV,1,2,1,0,1,1,0,PHI
2013/10/1,2:24 a.m.,ALLEGHENY AV & B ST,1,2,1,0,1,1,0,PHI
2013/10/1,19:06 p.m.,FIFTYSECOND ST & GREENWAY AV,1,2,1,0,1,1,0,PHI
2013/10/1,8:54 a.m.,MARTIN LUTHER KING JR DR PS & SWEET BRIAR DR PS,2,3,0,1,1,1,0,PHI
2014/10/1,18:00 p.m.,PASCHALL AV & SIXTYFIFTH ST,1,2,1,0,1,1,0,PHI
2014/10/1,16:30 p.m.,23RD AV & SNYDER AV,1,2,0,1,1,1,0,PHI
2014/10/1,14:57 p.m.,CONRAD ST & MIDVALE AV & WARDEN DR,1,2,1,0,1,1,0,PHI
2014/10/1,7:47 a.m.,BROAD ST & LYCOMING ST,1,2,1,0,1,1,0,PHI
2014/10/1,16:00 p.m.,N 15TH ST,1,2,1,0,0,0,1,PHI
2014/10/1,15:40 p.m.,6TH ST & CAMBRIA ST,1,2,0,1,1,1,0,PHI
2015/10/1,22:40 p.m.,B ST & ONTARIO ST,1,2,1,0,0,0,1,PHI
2015/10/1,17:25 p.m.,WAGNER AV,1,2,1,0,1,1,0,PHI
2015/10/1,22:25 p.m.,43RD ST & OGDEN ST,1,2,1,0,1,1,0,PHI
2015/10/1,16:49 p.m.,FIFTH ST & GODFREY AV,1,3,2,0,2,1,0,PHI
2015/10/1,16:01 p.m.,E SEDGWICK ST & THOURON AV,1,2,1,0,1,1,0,PHI
2015/10/1,20:23 p.m.,STATE RD,1,2,1,0,0,0,1,PHI
2015/10/1,14:15 p.m.,ROOSEVELT BL,1,2,1,0,0,0,1,PHI
2015/10/1,99:99 p.m.,ALLEGHENY AV,1,2,1,0,1,1,0,PHI
2015/10/1,9:45 a.m.,BROAD ST,1,3,0,1,1,1,0,PHI
2015/10/1,13:00 p.m.,12TH ST & CHESTNUT ST,1,2,1,0,1,1,0,PHI
2015/10/1,6:40 a.m.,ROOSEVELT BL & WELSH RD,1,2,1,0,1,1,0,PHI
2015/10/1,1:14 a.m.,SPRING GARDEN ST,1,3,1,0,1,1,0,PHI
2015/10/1,5:57 a.m.,BROAD ST & CATHARINE ST,1,2,1,0,1,1,0,PHI
2015/10/1,15:44 p.m.,CASKEY ST,1,4,1,0,1,1,0,PHI
2015/10/1,20:00 p.m.,S 30TH ST,1,2,1,0,1,1,0,PHI
2015/10/1,13:27 p.m.,MARKET ST,1,2,1,0,1,1,0,PHI
2016/10/1,14:58 p.m.,GERMANTOWN AL & VENANGO ST,1,2,1,0,1,1,0,PHI
2016/10/1,6:27 a.m.,ROOSEVELT BL,1,2,1,0,0,0,1,PHI
2016/10/1,13:23 p.m.,FIFTEENTH ST & RAMP RD & VINE ST,1,2,1,0,1,1,0,PHI
2016/10/1,20:21 p.m.,ROBERTS AV,1,2,1,0,1,1,0,PHI
2016/10/1,9:39 a.m.,KELLY DR,1,2,1,0,0,0,1,PHI
2016/10/1,13:19 p.m.,ROOSEVELT BL & TYSON AV,2,5,0,1,5,1,0,PHI
2016/10/1,8:10 a.m.,BORBECK AV & VERREE RD,1,3,2,0,2,1,0,PHI
2016/10/1,99:99 p.m.,BROAD ST & UNKNOWN ST,1,2,1,0,1,1,0,PHI
2016/10/1,21:00 p.m.,BROAD ST & GIRARD AV,1,2,0,1,1,1,0,PHI
2016/10/1,15:48 p.m.,COTTMAN AV,1,3,1,0,1,1,0,PHI
2016/10/1,13:20 p.m.,BUSTLETON AV,1,2,1,0,1,1,0,PHI
2016/10/1,15:00 p.m.,KELLY DR,1,2,1,0,1,1,0,PHI
2016/10/1,21:03 p.m.,RISING SUN AV,1,2,1,0,1,1,0,PHI
2016/10/1,19:43 p.m.,ROOSEVELT BL,1,5,1,0,0,0,1,PHI
2016/10/1,20:15 p.m.,A ST & LEHIGH AV,1,3,1,0,0,0,1,PHI
2017/10/1,9:17 a.m.,BROAD ST & RAMP RD & VINE ST,1,2,1,0,1,1,0,PHI
2017/10/1,7:12 a.m.,BROAD ST,1,2,1,0,1,1,0,PHI
2017/10/1,8:45 a.m.,CHRISTOPHER COLUMBUS BL,1,2,1,0,0,0,1,PHI
2017/10/1,11:20 a.m.,CHEW AV & PARK AV,1,2,1,0,1,1,0,PHI
2017/10/1,4:15 a.m.,PINE RD,1,2,1,0,0,0,1,PHI
2017/10/1,18:25 p.m.,C ST & WYOMING AV,1,2,1,0,1,1,0,PHI
2017/10/1,19:34 p.m.,GERMANTOWN AV,1,2,1,0,1,1,0,PHI
2017/10/1,13:36 p.m.,FRONT ST & GODFREY AV,1,3,2,0,2,1,0,PHI
2017/10/1,15:20 p.m.,MASCHER AV & RISING SUN AV & TIBER ST,1,3,1,0,1,1,0,PHI
2017/10/1,17:13 p.m.,ROOSEVELT BL & SEVENTH ST,1,2,1,0,0,0,1,PHI
2017/10/1,2:37 a.m.,ALLEGHENY AV,1,2,1,0,0,0,1,PHI
2017/10/1,22:00 p.m.,67TH ST,1,2,1,0,0,0,1,PHI
2011/11/1,12:16 a.m.,COTTMAN AV & ROOSEVELT BL,1,2,1,0,1,1,0,PHI
2011/11/1,21:15 p.m.,RIDGE AV,1,2,1,0,1,1,0,PHI
2011/11/1,18:40 p.m.,BELMONT AV & SOUTH CONCOURSE DR,1,2,1,0,0,0,1,PHI
2011/11/1,15:20 p.m.,CECIL B MOORE AV,2,2,1,0,1,1,0,PHI
2011/11/1,18:10 p.m.,LEHIGH AV,6,3,0,1,1,0,1,PHI
2011/11/1,17:20 p.m.,OGONTZ AV & SEVENTYFIFTH AV & WASHINGTON LN,1,2,1,0,0,0,1,PHI
2011/11/1,12:25 a.m.,BRIDGE ST & SALMON ST,1,2,1,0,1,1,0,PHI
2011/11/1,12:20 p.m.,COTTMAN AV,1,2,1,0,1,1,0,PHI
2012/11/1,15:24 p.m.,SCHOOL HOUSE LN & WAYNE AV,1,2,1,0,1,1,0,PHI
2012/11/1,20:07 p.m.,STENTON AV & VERNON RD,1,2,1,0,1,1,0,PHI
2012/11/1,15:25 p.m.,KNORR ST,1,2,1,0,1,1,0,PHI
2012/11/1,19:05 p.m.,ADAMS AV,1,2,1,0,0,0,1,PHI
2012/11/1,16:25 p.m.,RICHMOND ST & WESTMORELAND ST,1,2,1,0,2,1,0,PHI
2012/11/1,99:99 p.m.,JACKSON ST,1,2,1,0,1,1,0,PHI
2012/11/1,4:57 a.m.,ESSINGTON AV,1,2,1,0,1,1,0,PHI
2013/11/1,6:35 a.m.,MARKET ST & SIXTIETH ST,1,2,1,0,1,1,0,PHI
2013/11/1,99:99 p.m.,FRONT ST & GIRARD AV,1,2,1,0,1,1,0,PHI
2013/11/1,18:50 p.m.,GIRARD AV,1,3,1,0,0,0,1,PHI
2013/11/1,99:99 p.m.,GARLAND ST & WHITAKER AV,1,2,1,0,1,1,0,PHI
2013/11/1,3:15 a.m.,RISING SUN AV,2,3,1,0,0,0,1,PHI
2013/11/1,21:40 p.m.,GIRARD AV,1,2,1,0,0,0,1,PHI
2013/11/1,14:09 p.m.,CARDINAL AV & CITY AV,2,3,1,0,1,1,0,PHI
2013/11/1,17:55 p.m.,CHESTNUT ST,1,2,0,1,1,1,0,PHI
2013/11/1,20:00 p.m.,FORTIETH ST & WALNUT ST,1,3,1,0,1,1,0,PHI
2013/11/1,1:27 a.m.,SCHUYLKILL EX,1,2,1,0,0,0,1,PHI
2013/11/1,18:30 p.m.,54TH ST,1,2,1,0,1,1,0,PHI
2013/11/1,9:06 a.m.,BROAD ST,1,2,1,0,1,1,0,PHI
2013/11/1,22:54 p.m.,RIDGE AV,1,3,2,0,2,2,0,PHI
2014/11/1,20:53 p.m.,CASTOR AV,1,2,1,0,1,1,0,PHI
2014/11/1,22:45 p.m.,FRANKFORD AV & TYSON AV,1,2,1,0,1,1,0,PHI
2014/11/1,18:11 p.m.,GOWEN AV & SPRAGUE ST,1,2,1,0,0,0,1,PHI
2014/11/1,17:27 p.m.,16TH ST & CHESTNUT ST,1,2,1,0,1,1,0,PHI
2014/11/1,5:40 a.m.,ROOSEVELT BL,1,3,2,0,1,0,2,PHI
2014/11/1,3:35 a.m.,BROAD ST & TIOGA ST,2,5,1,0,0,0,1,PHI
2014/11/1,18:37 p.m.,FRANKFORD AV & PENNYPACK ST,1,2,1,0,1,1,0,PHI
2014/11/1,6:19 a.m.,30TH ST & CECIL B MOORE AV & GLENWOOD AV,1,2,1,0,1,1,0,PHI
2014/11/1,7:15 a.m.,LEHIGH AV,1,2,1,0,1,1,0,PHI
2014/11/1,14:52 p.m.,ALLEGHENY AV,1,2,1,0,0,0,1,PHI
2014/11/1,3:30 a.m.,5TH ST & 64TH AV,1,2,1,0,0,0,1,PHI
2015/11/1,20:05 p.m.,SIXTYTHIRD ST,1,2,1,0,0,0,1,PHI
2015/11/1,1:39 a.m.,TORRESDALE AV,1,2,1,0,0,0,1,PHI
2015/11/1,3:35 a.m.,HANSBERRY ST & HENLEY ST,1,2,1,0,1,1,0,PHI
2015/11/1,99:99 p.m.,CEDAR ST,1,2,1,0,1,1,0,PHI
2015/11/1,17:00 p.m.,HAVERFORD AV,2,4,1,0,3,1,0,PHI
2015/11/1,18:25 p.m.,BUSTLETON AV,1,3,2,0,2,1,0,PHI
2015/11/1,10:40 a.m.,ALLEGHENY AV & TULIP ST,1,2,1,0,1,1,0,PHI
2015/11/1,8:24 a.m.,42ND ST & WESTMINSTER AV,1,2,1,0,1,1,0,PHI
2015/11/1,18:10 p.m.,5TH ST & LUZERNE ST,1,2,1,0,1,1,0,PHI
2015/11/1,4:36 a.m.,BROAD ST,1,4,1,0,3,0,1,PHI
2015/11/1,6:23 a.m.,W GURNEY ST,1,2,1,0,0,0,1,PHI
2015/11/1,13:38 p.m.,PARKSIDE AV,1,2,0,1,0,0,1,PHI
2015/11/1,9:10 a.m.,54TH ST & WOODLAND AV,2,3,1,0,2,0,1,PHI
2015/11/1,21:21 p.m.,FRONT ST & GIRARD AV,1,3,2,0,1,1,0,PHI
2016/11/1,12:05 a.m.,FRONT ST & LEHIGH AV,1,2,1,0,0,0,1,PHI
2016/11/1,1:52 a.m.,BROAD ST,1,2,1,0,1,1,0,PHI
2016/11/1,2:22 a.m.,ELEVENTH ST & MARKET ST,1,3,2,0,1,1,1,PHI
2016/11/1,9:24 a.m.,BUSTLETON AV,1,2,1,0,1,1,0,PHI
2016/11/1,17:20 p.m.,A ST & LEHIGH AV,1,2,1,0,0,0,1,PHI
2016/11/1,18:36 p.m.,GERMANTOWN AV,1,2,1,0,1,1,0,PHI
2016/11/1,16:08 p.m.,FRANKFORD AV & SAINT VINCENT ST,1,2,1,0,1,1,0,PHI
2016/11/1,3:59 a.m.,OREGON AV,1,2,1,0,1,1,0,PHI
2016/11/1,17:05 p.m.,23RD ST & CHESTNUT ST,1,2,1,0,0,0,1,PHI
2016/11/1,18:12 p.m.,COTTMAN AV,1,3,1,0,1,1,0,PHI
2016/11/1,23:26 p.m.,BUSTLETON AV & ROOSEVELT BL,1,2,1,0,0,0,1,PHI
2016/11/1,15:15 p.m.,LANSDOWNE AV & SIXTYTHIRD ST,1,2,1,0,0,0,1,PHI
2016/11/1,1:00 a.m.,22ND ST,2,2,1,0,1,1,0,PHI
2016/11/1,16:10 p.m.,ISLAND AV & LINDBERGH BL,1,5,1,0,0,0,1,PHI
2017/11/1,18:54 p.m.,PENN ST,1,3,1,0,1,1,0,PHI
2017/11/1,7:26 a.m.,11TH ST & SPRUCE ST,1,3,1,0,0,0,1,PHI
2017/11/1,2:44 a.m.,STENTON AV,2,3,2,0,2,2,0,PHI
2017/11/1,23:00 p.m.,SIXTYTHIRD ST & VINE ST,1,2,1,0,1,1,0,PHI
2017/11/1,12:02 p.m.,ARAMINGO AV,2,2,1,0,1,1,0,PHI
2017/11/1,17:30 p.m.,HENRY AV,1,3,1,0,0,0,1,PHI
2017/11/1,14:40 p.m.,PEARL ST,1,2,1,0,1,1,0,PHI
2017/11/1,9:53 a.m.,HAGERT ST & KENSINGTON AV,1,2,0,1,1,1,0,PHI
2017/11/1,5:39 a.m.,ESSINGTON AV & SIXTYSEVENTH ST,1,2,1,0,0,0,1,PHI
2017/11/1,14:10 p.m.,ROOSEVELT BL,1,2,1,0,0,0,1,PHI
2017/11/1,9:19 a.m.,BERKLEY ST & WAYNE AV,1,2,1,0,1,1,0,PHI
2017/11/1,5:01 a.m.,CLEARFIELD ST & G ST & KENSINGTON AV,1,2,0,1,1,1,0,PHI
2011/12/1,18:14 p.m.,PENNYPACK CR & ROOSEVELT BL & SOLLY AV,1,2,1,0,1,1,0,PHI
2011/12/1,8:50 a.m.,APPLETREE ST & TWENTIETH ST,1,2,1,0,0,0,1,PHI
2011/12/1,18:25 p.m.,PRICE ST,1,3,1,0,1,0,1,PHI
2011/12/1,1:30 a.m.,HUNTING PARK AV,1,2,1,0,1,1,0,PHI
2011/12/1,18:40 p.m.,OGONTZ AV,1,2,1,0,0,0,1,PHI
2011/12/1,10:10 a.m.,FRANKFORD AV,1,2,1,0,0,0,1,PHI
2011/12/1,8:28 a.m.,FRONT ST & OLNEY AV,1,3,1,0,1,1,0,PHI
2011/12/1,23:42 p.m.,ARAMINGO AV,1,2,1,0,1,1,0,PHI
2011/12/1,18:41 p.m.,FIFTH ST & GODFREY AV,1,6,1,0,1,1,0,PHI
2011/12/1,18:45 p.m.,SUSQUEHANNA AV,1,2,1,0,1,1,0,PHI
2012/12/1,16:32 p.m.,WHITAKER AV,1,2,1,0,0,0,1,PHI
2012/12/1,22:20 p.m.,CHESTER AV,1,2,1,0,0,0,1,PHI
2012/12/1,99:99 p.m.,FOUTH ST & ROOSEVELT BL,1,2,1,0,1,1,0,PHI
2012/12/1,12:53 p.m.,LINDBERGH BL,1,2,1,0,0,0,1,PHI
2012/12/1,21:16 p.m.,RHWAN ST & ROOSEVELT BL,1,2,1,0,0,0,1,PHI
2012/12/1,18:13 p.m.,MURDOCH RD & STENTON AV,1,2,1,0,0,0,1,PHI
2012/12/1,6:40 a.m.,LINDBERGH BL & SEVENTYFOURTH ST,1,2,1,0,0,0,1,PHI
2012/12/1,23:04 p.m.,BALTIMORE AV & SPRINGFIELD AV,1,4,1,0,1,1,0,PHI
2012/12/1,7:25 a.m.,60TH ST & VINE ST,1,3,0,1,0,0,1,PHI
2012/12/1,1:42 a.m.,CHESTNUT ST & THIRTYSIXTH ST,1,4,1,0,1,1,0,PHI
2012/12/1,10:25 a.m.,ALLEGHENY AV & FRANKFORD AV,1,2,1,0,1,1,0,PHI
2012/12/1,15:21 p.m.,COBBS CREEK PY & MARKET ST & SIXTYTHIRD ST,1,3,1,0,1,1,0,PHI
2012/12/1,20:17 p.m.,FRANKFORD AV,1,2,1,0,0,0,1,PHI
2012/12/1,12:02 p.m.,GARLAND ST & ROOSEVELT BL,1,2,1,0,1,1,0,PHI
2013/12/1,11:40 a.m.,BROAD ST & LEHIGH AV,1,3,1,0,0,0,1,PHI
2013/12/1,22:25 p.m.,RAMP RD,1,2,1,0,0,0,1,PHI
2013/12/1,17:10 p.m.,LINDEN AV,1,2,1,0,0,0,1,PHI
2013/12/1,12:35 a.m.,54TH ST & WOODLAND AV,1,4,1,0,1,1,0,PHI
2013/12/1,9:24 a.m.,GLENWOOD AV,1,2,1,0,1,1,0,PHI
2013/12/1,12:34 a.m.,16TH ST & CHESTNUT ST,1,2,1,0,1,1,0,PHI
2014/12/1,22:55 p.m.,RAMP RD & VINE STREET EX,2,3,1,0,3,1,0,PHI
2014/12/1,18:02 p.m.,ERIE AV & L ST,1,3,0,1,1,1,0,PHI
2014/12/1,17:26 p.m.,FRANKFORD AV & KENSINGTON AV,1,5,1,0,1,1,0,PHI
2014/12/1,20:56 p.m.,59TH ST & MARKET ST,1,2,1,0,0,0,1,PHI
2014/12/1,17:28 p.m.,COTTMAN AV & OAKLAND ST,1,3,1,0,0,0,1,PHI
2014/12/1,12:24 a.m.,ROOSEVELT BL,1,2,1,0,0,0,1,PHI
2014/12/1,17:15 p.m.,STATE RD,2,3,1,0,0,0,1,PHI
2014/12/1,6:37 a.m.,DUNGAN RD,1,2,1,0,1,1,0,PHI
2014/12/1,14:29 p.m.,FRANKFORD AV & TYSON AV,1,2,1,0,1,1,0,PHI
2014/12/1,6:27 a.m.,BORBECK AV & ROOSEVELT BL & RYAN AV,1,2,1,0,1,1,0,PHI
2014/12/1,2:45 a.m.,ROOSEVELT BL,3,5,1,0,2,1,0,PHI
2014/12/1,14:30 p.m.,BROAD ST & JEFFERSON ST,1,2,1,0,1,1,0,PHI
2015/12/1,15:25 p.m.,BROAD ST,1,2,1,0,1,1,0,PHI
2015/12/1,17:30 p.m.,ARAMINGO AV,1,2,1,0,1,1,0,PHI
2015/12/1,18:52 p.m.,CHRISTIAN ST,1,2,1,0,1,1,0,PHI
2015/12/1,7:20 a.m.,S 58TH ST & WOODLAND AV,1,2,0,1,1,1,0,PHI
2015/12/1,17:23 p.m.,NOLAN ST & THOURON AV,1,2,1,0,0,0,1,PHI
2015/12/1,21:00 p.m.,CHESTNUT ST & JUNIPER ST,1,2,1,0,1,1,0,PHI
2015/12/1,17:04 p.m.,CHRISTOPHER COLUMBUS BL,1,2,1,0,1,1,0,PHI
2015/12/1,19:28 p.m.,BALTIMORE AV & CHESTER AV & FORTYSECOND ST,1,2,1,0,1,1,0,PHI
2015/12/1,5:39 a.m.,HARBISON AV & ROOSEVELT BL,1,2,1,0,0,0,1,PHI
2015/12/1,18:30 p.m.,BYBERRY RD & PROCTOR RD,2,5,1,0,0,0,1,PHI
2015/12/1,17:45 p.m.,ALLEGHENY AV,1,2,1,0,1,1,0,PHI
2016/12/1,17:00 p.m.,BELMONT AV & FORD RD & OVERBROOK AV,1,2,1,0,1,1,0,PHI
2016/12/1,18:02 p.m.,9TH ST & WINGOHOCKING ST,1,2,1,0,1,1,0,PHI
2016/12/1,14:00 p.m.,N 9TH ST,1,2,1,0,1,1,0,PHI
2016/12/1,5:58 a.m.,ERIE AV,1,2,1,0,0,0,1,PHI
2016/12/1,17:40 p.m.,BUSTLETON AV,1,2,1,0,1,1,0,PHI
2016/12/1,16:10 p.m.,FRANKFORD AV,1,2,1,0,0,0,1,PHI
2016/12/1,23:04 p.m.,KNIGHTS RD,1,2,1,0,1,1,0,PHI
2017/12/1,7:53 a.m.,BROAD ST & JEFFERSON ST,1,2,0,1,1,1,0,PHI
2017/12/1,22:30 p.m.,CHESTNUT ST,1,2,0,1,1,1,0,PHI
2017/12/1,18:26 p.m.,LEHIGH AV,1,2,1,0,0,0,1,PHI
2017/12/1,21:00 p.m.,21ST ST & MARKET ST,1,2,1,0,1,1,0,PHI
2017/12/1,17:56 p.m.,MEMORIAL AV & PARKSIDE AV,1,2,1,0,1,1,0,PHI
2017/12/1,7:15 a.m.,OREGON AV & S 4TH ST,1,2,1,0,1,1,0,PHI
2017/12/1,6:21 a.m.,24TH ST & WASHINGTON AV,3,5,1,0,1,0,1,PHI
2017/12/1,22:00 p.m.,CITY AV & FIFTYFOURTH ST & OLD LANCASTER RD,1,2,1,0,0,0,1,PHI
2017/12/1,1:02 a.m.,PASSYUNK AV,1,2,1,0,1,1,0,PHI
2017/12/1,15:15 p.m.,5TH ST,1,2,0,1,1,1,0,PHI
2017/12/1,9:15 a.m.,ANDREWS AV,1,2,1,0,1,1,0,PHI
2017/12/1,9:30 a.m.,BROAD ST & CHESTNUT ST,1,2,1,0,1,1,0,PHI
2017/12/1,9:55 a.m.,13TH ST & PINE ST,1,2,0,1,1,1,0,PHI
2017/12/1,18:28 p.m.,CITY AV & LAPSLEY RD,1,2,1,0,1,1,0,PHI
